Timestamp,Engine_RPM,Coolant_Temp_C,Hydraulic_Pressure_bar,Wheel_Slip_pct,Machine_Status
2026-03-14 18:12:13.680747,2274.1,88.0,209.2,9.4,0
2026-03-14 18:13:13.680747,2068.3,87.4,209.9,13.0,0
2026-03-14 18:14:13.680747,1976.2,85.9,206.0,8.0,0
2026-03-14 18:15:13.680747,1949.1,87.4,204.6,7.1,0
2026-03-14 18:16:13.680747,2115.7,89.3,212.2,9.5,0
2026-03-14 18:17:13.680747,2043.1,86.3,200.1,10.0,0
2026-03-14 18:18:13.680747,1814.1,88.5,201.1,10.1,0
2026-03-14 18:19:13.680747,2011.0,88.0,202.3,8.2,0
2026-03-14 18:20:13.680747,1901.5,89.5,195.3,10.4,0
2026-03-14 18:21:13.680747,2069.3,86.3,205.8,9.0,0
2026-03-14 18:22:13.680747,2150.0,87.4,198.2,7.5,0
2026-03-14 18:23:13.680747,2042.0,90.3,197.6,8.5,0
2026-03-14 18:24:13.680747,1899.6,86.2,196.0,10.5,0
2026-03-14 18:25:13.680747,2020.9,86.4,192.6,11.3,0
2026-03-14 18:26:13.680747,1820.1,87.0,203.7,11.4,0
2026-03-14 18:27:13.680747,2163.6,87.2,204.5,9.9,0
2026-03-14 18:28:13.680747,1988.2,89.2,197.5,11.2,0
2026-03-14 18:29:13.680747,2034.2,82.9,203.7,12.8,0
2026-03-14 18:30:13.680747,1822.1,88.8,202.5,12.3,0
2026-03-14 18:31:13.680747,2169.5,86.4,202.9,9.8,0
2026-03-14 18:32:13.680747,1961.3,87.2,193.7,10.3,0
2026-03-14 18:33:13.680747,1879.8,86.9,208.3,9.2,0
2026-03-14 18:34:13.680747,2189.9,89.2,204.0,6.9,0
2026-03-14 18:35:13.680747,1934.6,87.2,197.1,10.2,0
2026-03-14 18:36:13.680747,1871.8,90.5,198.6,8.7,0
2026-03-14 18:37:13.680747,1937.1,84.9,195.4,7.6,0
2026-03-14 18:38:13.680747,2047.6,83.6,199.0,8.9,0
2026-03-14 18:39:13.680747,2052.6,87.3,199.5,11.3,0
2026-03-14 18:40:13.680747,2106.8,87.4,198.0,9.9,0
2026-03-14 18:41:13.680747,1920.7,89.2,194.3,7.5,0
2026-03-14 18:42:13.680747,2009.4,87.1,203.7,10.9,0
2026-03-14 18:43:13.680747,2122.7,90.2,198.3,11.5,0
2026-03-14 18:44:13.680747,2010.9,87.3,198.0,11.1,0
2026-03-14 18:45:13.680747,1839.4,89.7,197.0,11.5,0
2026-03-14 18:46:13.680747,2033.7,86.4,202.6,10.6,0
2026-03-14 18:47:13.680747,1959.1,83.9,204.1,8.7,0
2026-03-14 18:48:13.680747,2001.9,86.9,195.7,10.4,0
2026-03-14 18:49:13.680747,2006.8,87.8,196.5,8.4,0
2026-03-14 18:50:13.680747,1929.6,89.2,203.3,6.8,0
2026-03-14 18:51:13.680747,1981.7,92.3,206.4,12.1,0
2026-03-14 18:52:13.680747,2029.1,90.9,204.1,9.9,0
2026-03-14 18:53:13.680747,2094.5,89.0,203.1,11.9,0
2026-03-14 18:54:13.680747,2007.1,90.0,203.3,8.7,0
2026-03-14 18:55:13.680747,1956.6,86.3,194.7,9.8,0
2026-03-14 18:56:13.680747,1981.8,86.4,197.7,8.3,0
2026-03-14 18:57:13.680747,1907.5,88.2,201.4,10.2,0
2026-03-14 18:58:13.680747,2128.5,84.9,195.1,9.7,0
2026-03-14 18:59:13.680747,2041.1,87.6,202.6,7.4,0
2026-03-14 19:00:13.680747,1883.2,88.9,206.0,6.2,0
2026-03-14 19:01:13.680747,2056.2,85.1,202.8,9.3,0
2026-03-14 19:02:13.680747,2077.6,89.3,204.2,9.8,0
2026-03-14 19:03:13.680747,1675.8,86.7,194.5,12.2,0
2026-03-14 19:04:13.680747,1973.9,89.8,197.3,6.5,0
2026-03-14 19:05:13.680747,2184.9,90.7,201.3,13.8,0
2026-03-14 19:06:13.680747,1876.2,89.5,198.3,11.5,0
2026-03-14 19:07:13.680747,1899.2,87.4,198.3,14.2,0
2026-03-14 19:08:13.680747,2062.6,87.9,201.2,9.2,0
2026-03-14 19:09:13.680747,2135.2,86.7,201.5,9.8,0
2026-03-14 19:10:13.680747,2033.0,87.3,199.0,8.0,0
2026-03-14 19:11:13.680747,2024.2,89.7,200.0,10.0,0
2026-03-14 19:12:13.680747,1919.7,87.3,190.0,5.3,0
2026-03-14 19:13:13.680747,1899.1,85.1,192.5,10.3,0
2026-03-14 19:14:13.680747,1913.5,90.0,194.0,13.4,0
2026-03-14 19:15:13.680747,1988.8,87.4,196.4,15.3,0
2026-03-14 19:16:13.680747,1948.5,87.6,191.0,9.7,0
2026-03-14 19:17:13.680747,2063.1,87.3,190.6,11.9,0
2026-03-14 19:18:13.680747,2170.1,89.7,196.5,12.3,0
2026-03-14 19:19:13.680747,1971.7,87.1,198.9,10.3,0
2026-03-14 19:20:13.680747,1868.2,86.0,205.6,7.4,0
2026-03-14 19:21:13.680747,1900.0,85.1,202.0,9.9,0
2026-03-14 19:22:13.680747,1971.9,96.5,200.1,10.5,0
2026-03-14 19:23:13.680747,1948.5,86.2,203.8,9.1,0
2026-03-14 19:24:13.680747,1915.1,89.5,195.9,10.5,0
2026-03-14 19:25:13.680747,1924.3,87.3,205.1,12.1,0
2026-03-14 19:26:13.680747,1869.4,88.3,202.4,7.3,0
2026-03-14 19:27:13.680747,2111.9,88.3,199.8,11.1,0
2026-03-14 19:28:13.680747,1858.8,87.5,201.4,9.8,0
2026-03-14 19:29:13.680747,1926.8,84.6,197.7,8.9,0
2026-03-14 19:30:13.680747,1977.4,85.6,204.7,9.4,0
2026-03-14 19:31:13.680747,2087.9,91.0,207.2,9.1,0
2026-03-14 19:32:13.680747,1974.0,85.4,198.3,9.7,0
2026-03-14 19:33:13.680747,1774.0,92.8,198.7,6.1,0
2026-03-14 19:34:13.680747,1949.6,89.7,202.1,6.9,0
2026-03-14 19:35:13.680747,2169.6,88.3,200.9,9.1,0
2026-03-14 19:36:13.680747,1910.6,86.1,196.1,8.4,0
2026-03-14 19:37:13.680747,1962.1,90.4,199.9,7.7,0
2026-03-14 19:38:13.680747,2047.7,87.2,199.1,10.4,0
2026-03-14 19:39:13.680747,1912.1,87.6,205.2,12.1,0
2026-03-14 19:40:13.680747,1854.0,86.2,199.4,14.0,0
2026-03-14 19:41:13.680747,2023.6,92.2,196.2,9.4,0
2026-03-14 19:42:13.680747,2100.9,87.6,200.2,8.8,0
2026-03-14 19:43:13.680747,1964.2,84.2,190.2,9.2,0
2026-03-14 19:44:13.680747,1991.6,88.7,188.8,9.6,0
2026-03-14 19:45:13.680747,1873.9,89.2,196.5,11.0,0
2026-03-14 19:46:13.680747,2003.3,88.4,199.9,12.5,0
2026-03-14 19:47:13.680747,2001.4,84.8,195.5,10.4,0
2026-03-14 19:48:13.680747,2091.4,89.4,198.9,8.4,0
2026-03-14 19:49:13.680747,1832.2,89.5,202.9,13.0,0
2026-03-14 19:50:13.680747,1841.2,89.1,201.5,13.7,0
2026-03-14 19:51:13.680747,2017.7,87.8,198.1,7.0,0
2026-03-14 19:52:13.680747,1929.4,90.6,194.7,11.8,0
2026-03-14 19:53:13.680747,2084.8,87.5,204.7,12.1,0
2026-03-14 19:54:13.680747,1938.5,88.1,203.2,15.4,0
2026-03-14 19:55:13.680747,1916.5,90.2,195.8,13.7,0
2026-03-14 19:56:13.680747,2118.9,87.6,208.2,11.4,0
2026-03-14 19:57:13.680747,1922.8,87.1,194.1,9.7,0
2026-03-14 19:58:13.680747,2033.8,87.1,196.4,9.0,0
2026-03-14 19:59:13.680747,2136.6,84.9,190.6,11.7,0
2026-03-14 20:00:13.680747,1998.6,89.6,200.7,8.2,0
2026-03-14 20:01:13.680747,1904.4,85.9,199.0,10.2,0
2026-03-14 20:02:13.680747,2198.9,86.8,197.5,7.8,0
2026-03-14 20:03:13.680747,1994.4,87.7,199.8,9.2,0
2026-03-14 20:04:13.680747,2037.0,87.1,203.1,10.6,0
2026-03-14 20:05:13.680747,2160.2,92.3,198.9,8.3,0
2026-03-14 20:06:13.680747,2057.4,88.9,207.9,9.7,0
2026-03-14 20:07:13.680747,1956.5,92.4,197.8,9.9,0
2026-03-14 20:08:13.680747,1871.9,83.5,197.9,8.9,0
2026-03-14 20:09:13.680747,2084.9,88.8,199.5,9.0,0
2026-03-14 20:10:13.680747,2045.4,86.5,193.8,11.0,0
2026-03-14 20:11:13.680747,1892.8,87.8,194.2,9.8,0
2026-03-14 20:12:13.680747,1885.8,87.3,205.5,9.6,0
2026-03-14 20:13:13.680747,1972.0,84.9,197.9,8.1,0
2026-03-14 20:14:13.680747,2211.7,88.8,200.7,9.6,0
2026-03-14 20:15:13.680747,2020.3,84.9,203.5,8.5,0
2026-03-14 20:16:13.680747,1896.2,86.4,196.6,8.9,0
2026-03-14 20:17:13.680747,1970.0,90.5,195.0,9.5,0
2026-03-14 20:18:13.680747,2065.0,85.8,207.6,10.0,0
2026-03-14 20:19:13.680747,2043.5,88.3,197.7,7.6,0
2026-03-14 20:20:13.680747,1954.6,87.1,187.6,11.7,0
2026-03-14 20:21:13.680747,1898.4,91.8,194.2,13.0,0
2026-03-14 20:22:13.680747,1918.7,91.3,194.1,9.2,0
2026-03-14 20:23:13.680747,1927.0,90.0,207.7,11.8,0
2026-03-14 20:24:13.680747,2044.7,89.4,209.4,11.1,0
2026-03-14 20:25:13.680747,2088.0,88.8,207.1,9.3,0
2026-03-14 20:26:13.680747,2002.8,88.7,202.6,10.6,0
2026-03-14 20:27:13.680747,2064.2,90.3,200.8,7.3,0
2026-03-14 20:28:13.680747,1988.4,89.5,195.5,11.4,0
2026-03-14 20:29:13.680747,1850.1,86.8,198.2,10.1,0
2026-03-14 20:30:13.680747,1847.8,88.3,195.6,11.4,0
2026-03-14 20:31:13.680747,1844.3,86.2,194.7,6.4,0
2026-03-14 20:32:13.680747,2139.3,89.5,193.4,10.7,0
2026-03-14 20:33:13.680747,2068.6,88.8,210.8,7.4,0
2026-03-14 20:34:13.680747,1896.4,91.6,201.2,9.7,0
2026-03-14 20:35:13.680747,2163.6,87.6,201.5,7.0,0
2026-03-14 20:36:13.680747,2062.9,82.2,204.8,8.6,0
2026-03-14 20:37:13.680747,1925.7,88.7,196.2,9.3,0
2026-03-14 20:38:13.680747,2102.6,84.9,195.1,11.8,0
2026-03-14 20:39:13.680747,2089.7,86.2,199.8,10.6,0
2026-03-14 20:40:13.680747,2038.2,89.7,201.6,9.6,0
2026-03-14 20:41:13.680747,1949.1,86.9,207.6,13.4,0
2026-03-14 20:42:13.680747,1943.0,88.4,196.3,9.9,0
2026-03-14 20:43:13.680747,2106.1,87.9,193.8,8.8,0
2026-03-14 20:44:13.680747,1970.3,87.8,195.9,12.1,0
2026-03-14 20:45:13.680747,2067.7,89.7,204.6,5.0,0
2026-03-14 20:46:13.680747,2028.2,89.5,200.8,6.9,0
2026-03-14 20:47:13.680747,1981.7,90.0,199.1,9.5,0
2026-03-14 20:48:13.680747,2181.1,87.8,192.8,11.2,0
2026-03-14 20:49:13.680747,2131.1,87.0,205.8,11.2,0
2026-03-14 20:50:13.680747,1925.3,91.5,193.3,11.0,0
2026-03-14 20:51:13.680747,1880.6,86.9,202.9,10.2,0
2026-03-14 20:52:13.680747,2180.0,87.4,210.0,12.2,0
2026-03-14 20:53:13.680747,2182.2,89.3,200.0,10.7,0
2026-03-14 20:54:13.680747,1996.3,86.8,204.7,11.2,0
2026-03-14 20:55:13.680747,2115.9,90.8,195.4,8.9,0
2026-03-14 20:56:13.680747,1968.0,86.9,189.6,8.9,0
2026-03-14 20:57:13.680747,2079.2,90.0,196.9,10.6,0
2026-03-14 20:58:13.680747,2031.4,90.5,198.7,12.8,0
2026-03-14 20:59:13.680747,2161.8,85.2,192.5,8.6,0
2026-03-14 21:00:13.680747,2101.0,84.8,198.9,12.2,0
2026-03-14 21:01:13.680747,2114.7,86.3,211.3,10.8,0
2026-03-14 21:02:13.680747,1825.6,88.3,198.0,10.9,0
2026-03-14 21:03:13.680747,2054.4,91.2,207.3,8.8,0
2026-03-14 21:04:13.680747,1991.6,87.7,197.4,11.7,0
2026-03-14 21:05:13.680747,2024.1,85.9,195.4,9.2,0
2026-03-14 21:06:13.680747,2060.2,85.8,196.1,9.8,0
2026-03-14 21:07:13.680747,2019.3,87.2,193.1,9.7,0
2026-03-14 21:08:13.680747,2024.8,91.2,192.9,8.3,0
2026-03-14 21:09:13.680747,1948.6,86.9,191.3,7.6,0
2026-03-14 21:10:13.680747,2065.7,88.8,210.8,8.7,0
2026-03-14 21:11:13.680747,1977.9,85.1,199.9,9.2,0
2026-03-14 21:12:13.680747,2055.1,87.1,194.6,11.2,0
2026-03-14 21:13:13.680747,2097.6,86.6,202.5,14.4,0
2026-03-14 21:14:13.680747,2001.8,88.8,208.5,9.3,0
2026-03-14 21:15:13.680747,2100.9,89.0,191.2,9.9,0
2026-03-14 21:16:13.680747,1919.3,88.3,203.1,11.3,0
2026-03-14 21:17:13.680747,2121.2,88.4,199.9,11.0,0
2026-03-14 21:18:13.680747,1902.3,90.1,191.4,9.2,0
2026-03-14 21:19:13.680747,1889.3,88.5,202.9,8.6,0
2026-03-14 21:20:13.680747,2123.3,86.1,196.0,9.9,0
2026-03-14 21:21:13.680747,1884.8,88.0,197.2,10.9,0
2026-03-14 21:22:13.680747,1909.8,87.7,202.5,12.1,0
2026-03-14 21:23:13.680747,2082.0,88.2,200.7,7.7,0
2026-03-14 21:24:13.680747,2138.5,87.4,210.8,11.4,0
2026-03-14 21:25:13.680747,2049.4,89.2,197.6,11.6,0
2026-03-14 21:26:13.680747,1962.8,82.3,200.1,11.4,0
2026-03-14 21:27:13.680747,2208.4,87.8,196.9,10.4,0
2026-03-14 21:28:13.680747,2086.3,86.9,197.4,6.2,0
2026-03-14 21:29:13.680747,1899.7,89.0,195.9,8.5,0
2026-03-14 21:30:13.680747,2049.2,88.5,193.2,11.2,0
2026-03-14 21:31:13.680747,1885.0,85.9,203.9,11.0,0
2026-03-14 21:32:13.680747,2024.6,88.6,200.7,9.3,0
2026-03-14 21:33:13.680747,1948.2,86.4,198.7,12.4,0
2026-03-14 21:34:13.680747,1994.3,86.8,200.1,8.3,0
2026-03-14 21:35:13.680747,1954.2,86.8,210.6,10.9,0
2026-03-14 21:36:13.680747,1949.7,91.0,199.4,12.7,0
2026-03-14 21:37:13.680747,2036.4,88.5,211.5,9.1,0
2026-03-14 21:38:13.680747,2044.6,89.5,206.9,15.9,0
2026-03-14 21:39:13.680747,2061.7,86.5,200.5,8.4,0
2026-03-14 21:40:13.680747,1954.9,87.2,204.3,11.1,0
2026-03-14 21:41:13.680747,1899.1,87.5,212.5,10.9,0
2026-03-14 21:42:13.680747,1779.7,88.4,208.7,12.2,0
2026-03-14 21:43:13.680747,1981.6,88.6,199.7,7.9,0
2026-03-14 21:44:13.680747,2030.4,89.3,193.4,9.2,0
2026-03-14 21:45:13.680747,1833.1,83.2,206.2,5.8,0
2026-03-14 21:46:13.680747,2104.5,88.9,195.1,10.7,0
2026-03-14 21:47:13.680747,1895.3,88.1,207.1,8.2,0
2026-03-14 21:48:13.680747,2070.1,87.9,196.4,11.4,0
2026-03-14 21:49:13.680747,1834.9,86.7,207.7,10.0,0
2026-03-14 21:50:13.680747,1978.0,88.2,203.9,10.1,0
2026-03-14 21:51:13.680747,2076.0,86.7,197.2,11.0,0
2026-03-14 21:52:13.680747,2081.1,84.0,204.0,13.1,0
2026-03-14 21:53:13.680747,1898.9,89.5,206.2,10.9,0
2026-03-14 21:54:13.680747,1973.6,87.0,193.3,10.1,0
2026-03-14 21:55:13.680747,2012.1,86.2,205.5,10.8,0
2026-03-14 21:56:13.680747,1939.8,87.8,192.7,9.6,0
2026-03-14 21:57:13.680747,2230.8,90.7,197.5,10.5,0
2026-03-14 21:58:13.680747,1869.2,88.3,205.7,6.6,0
2026-03-14 21:59:13.680747,1910.8,87.6,209.2,14.1,0
2026-03-14 22:00:13.680747,2174.6,84.3,214.4,12.9,0
2026-03-14 22:01:13.680747,1840.9,86.2,207.4,11.0,0
2026-03-14 22:02:13.680747,1834.9,86.9,194.3,11.5,0
2026-03-14 22:03:13.680747,1879.7,87.6,201.7,10.4,0
2026-03-14 22:04:13.680747,1905.4,87.7,198.4,10.4,0
2026-03-14 22:05:13.680747,2075.8,90.0,205.1,12.2,0
2026-03-14 22:06:13.680747,1941.1,87.2,206.8,7.8,0
2026-03-14 22:07:13.680747,1898.1,87.6,207.3,12.5,0
2026-03-14 22:08:13.680747,1916.2,87.4,199.9,10.5,0
2026-03-14 22:09:13.680747,2004.9,85.0,206.0,12.9,0
2026-03-14 22:10:13.680747,2135.5,86.4,214.5,9.5,0
2026-03-14 22:11:13.680747,2110.4,87.7,203.6,11.0,0
2026-03-14 22:12:13.680747,2132.5,91.5,199.8,10.5,0
2026-03-14 22:13:13.680747,1932.7,87.9,203.1,9.0,0
2026-03-14 22:14:13.680747,2029.4,90.4,192.6,9.2,0
2026-03-14 22:15:13.680747,2023.8,87.3,199.7,8.7,0
2026-03-14 22:16:13.680747,1833.3,90.9,193.7,9.9,0
2026-03-14 22:17:13.680747,2089.4,84.9,195.0,10.7,0
2026-03-14 22:18:13.680747,2149.4,87.1,204.4,11.0,0
2026-03-14 22:19:13.680747,2061.0,89.8,200.9,11.9,0
2026-03-14 22:20:13.680747,2121.1,88.8,196.5,8.3,0
2026-03-14 22:21:13.680747,1982.4,90.4,196.4,7.3,0
2026-03-14 22:22:13.680747,2038.0,88.9,199.1,12.0,0
2026-03-14 22:23:13.680747,1855.4,88.2,190.7,9.3,0
2026-03-14 22:24:13.680747,2001.0,88.1,197.3,11.9,0
2026-03-14 22:25:13.680747,1996.2,89.0,200.8,11.1,0
2026-03-14 22:26:13.680747,2017.3,83.0,200.4,11.4,0
2026-03-14 22:27:13.680747,1999.8,89.9,211.9,11.2,0
2026-03-14 22:28:13.680747,1929.4,88.7,212.8,13.1,0
2026-03-14 22:29:13.680747,1873.1,86.4,199.9,11.0,0
2026-03-14 22:30:13.680747,1910.2,88.7,206.7,6.4,0
2026-03-14 22:31:13.680747,2115.7,89.0,206.1,12.3,0
2026-03-14 22:32:13.680747,1900.0,86.0,204.9,10.1,0
2026-03-14 22:33:13.680747,2001.0,84.9,195.4,12.2,0
2026-03-14 22:34:13.680747,2048.1,87.1,202.2,10.4,0
2026-03-14 22:35:13.680747,2049.9,87.4,201.2,10.8,0
2026-03-14 22:36:13.680747,2053.8,84.8,192.3,9.2,0
2026-03-14 22:37:13.680747,1928.5,86.0,195.2,10.2,0
2026-03-14 22:38:13.680747,1921.3,88.7,207.1,10.9,0
2026-03-14 22:39:13.680747,2041.6,87.0,194.0,11.7,0
2026-03-14 22:40:13.680747,2096.2,87.2,200.4,11.8,0
2026-03-14 22:41:13.680747,1796.6,89.6,201.2,10.7,0
2026-03-14 22:42:13.680747,2018.9,86.4,194.1,7.9,0
2026-03-14 22:43:13.680747,1997.4,89.3,211.9,11.5,0
2026-03-14 22:44:13.680747,1972.1,87.8,197.8,9.8,0
2026-03-14 22:45:13.680747,2027.1,86.6,207.3,11.2,0
2026-03-14 22:46:13.680747,1871.6,89.2,205.3,7.6,0
2026-03-14 22:47:13.680747,1878.1,89.0,198.1,7.6,0
2026-03-14 22:48:13.680747,2043.9,88.3,204.1,10.8,0
2026-03-14 22:49:13.680747,1922.8,88.6,194.3,13.1,0
2026-03-14 22:50:13.680747,2065.3,86.6,208.7,13.9,0
2026-03-14 22:51:13.680747,1998.7,90.6,196.5,10.8,0
2026-03-14 22:52:13.680747,2088.2,90.1,196.4,8.8,0
2026-03-14 22:53:13.680747,2028.0,90.6,195.7,12.9,0
2026-03-14 22:54:13.680747,2060.2,88.4,206.6,9.5,0
2026-03-14 22:55:13.680747,2017.7,84.8,193.9,12.8,0
2026-03-14 22:56:13.680747,2060.7,89.9,199.4,9.9,0
2026-03-14 22:57:13.680747,2133.9,87.6,201.3,11.1,0
2026-03-14 22:58:13.680747,2039.3,88.0,204.6,10.0,0
2026-03-14 22:59:13.680747,2140.8,84.9,207.1,13.9,0
2026-03-14 23:00:13.680747,2202.9,87.5,199.8,10.6,0
2026-03-14 23:01:13.680747,2118.2,85.7,199.7,9.0,0
2026-03-14 23:02:13.680747,1868.4,84.0,198.3,7.4,0
2026-03-14 23:03:13.680747,1849.5,90.4,209.3,8.2,0
2026-03-14 23:04:13.680747,1910.4,84.2,193.1,13.0,0
2026-03-14 23:05:13.680747,1976.2,91.6,202.7,7.9,0
2026-03-14 23:06:13.680747,1842.5,86.2,197.6,8.2,0
2026-03-14 23:07:13.680747,1831.0,88.5,207.8,12.0,0
2026-03-14 23:08:13.680747,1985.5,84.6,205.1,13.8,0
2026-03-14 23:09:13.680747,2021.8,87.7,205.3,9.5,0
2026-03-14 23:10:13.680747,2073.5,91.5,214.7,6.8,0
2026-03-14 23:11:13.680747,1969.8,88.8,201.7,8.7,0
2026-03-14 23:12:13.680747,2033.1,85.9,197.8,10.4,0
2026-03-14 23:13:13.680747,1911.6,86.7,202.8,11.1,0
2026-03-14 23:14:13.680747,2104.9,88.7,190.9,12.3,0
2026-03-14 23:15:13.680747,2027.9,83.8,190.0,11.5,0
2026-03-14 23:16:13.680747,2009.6,85.3,201.0,11.8,0
2026-03-14 23:17:13.680747,2061.7,85.8,213.8,13.0,0
2026-03-14 23:18:13.680747,1916.8,87.6,197.6,10.1,0
2026-03-14 23:19:13.680747,1916.0,86.9,200.3,11.8,0
2026-03-14 23:20:13.680747,2205.5,83.3,201.9,10.4,0
2026-03-14 23:21:13.680747,2054.4,88.8,202.0,11.1,0
2026-03-14 23:22:13.680747,2066.6,89.4,194.9,9.7,0
2026-03-14 23:23:13.680747,1998.1,86.3,195.9,9.3,0
2026-03-14 23:24:13.680747,2040.2,93.5,201.0,12.8,0
2026-03-14 23:25:13.680747,1915.6,84.6,204.5,5.2,0
2026-03-14 23:26:13.680747,2029.7,87.3,203.6,5.3,0
2026-03-14 23:27:13.680747,2104.7,91.5,200.4,7.1,0
2026-03-14 23:28:13.680747,2066.1,87.6,195.7,8.4,0
2026-03-14 23:29:13.680747,1974.0,87.3,200.8,12.6,0
2026-03-14 23:30:13.680747,2027.8,83.6,197.0,9.4,0
2026-03-14 23:31:13.680747,2020.8,91.1,194.6,8.4,0
2026-03-14 23:32:13.680747,1869.1,89.2,188.0,12.0,0
2026-03-14 23:33:13.680747,1964.7,88.9,204.3,9.3,0
2026-03-14 23:34:13.680747,2078.1,89.6,199.9,12.7,0
2026-03-14 23:35:13.680747,1868.2,87.7,203.4,9.3,0
2026-03-14 23:36:13.680747,2004.5,88.0,197.9,14.5,0
2026-03-14 23:37:13.680747,1954.1,86.1,198.3,11.9,0
2026-03-14 23:38:13.680747,2137.3,89.1,211.0,8.8,0
2026-03-14 23:39:13.680747,2061.5,89.8,200.1,9.4,0
2026-03-14 23:40:13.680747,1881.4,87.0,206.2,6.8,0
2026-03-14 23:41:13.680747,2001.3,87.2,202.3,10.2,0
2026-03-14 23:42:13.680747,1906.0,92.4,207.7,7.4,0
2026-03-14 23:43:13.680747,2042.8,89.0,205.1,8.6,0
2026-03-14 23:44:13.680747,2034.6,85.4,196.6,8.8,0
2026-03-14 23:45:13.680747,1988.0,89.6,196.5,10.5,0
2026-03-14 23:46:13.680747,2098.0,87.4,213.6,8.7,0
2026-03-14 23:47:13.680747,1928.7,86.7,204.2,9.5,0
2026-03-14 23:48:13.680747,2161.7,86.7,194.5,7.9,0
2026-03-14 23:49:13.680747,1829.8,90.0,198.8,7.1,0
2026-03-14 23:50:13.680747,1940.9,89.7,200.1,8.5,0
2026-03-14 23:51:13.680747,2094.6,83.8,207.4,8.4,0
2026-03-14 23:52:13.680747,2058.8,89.8,201.4,7.9,0
2026-03-14 23:53:13.680747,2052.0,90.3,199.5,6.5,0
2026-03-14 23:54:13.680747,1989.3,89.5,201.7,11.1,0
2026-03-14 23:55:13.680747,2059.6,90.3,200.7,8.2,0
2026-03-14 23:56:13.680747,1932.9,88.8,199.0,9.1,0
2026-03-14 23:57:13.680747,1837.4,87.1,203.4,11.8,0
2026-03-14 23:58:13.680747,1990.7,87.0,196.3,11.6,0
2026-03-14 23:59:13.680747,1951.6,87.5,194.5,11.3,0
2026-03-15 00:00:13.680747,1996.2,89.6,199.3,14.5,0
2026-03-15 00:01:13.680747,1957.1,90.8,203.7,11.3,0
2026-03-15 00:02:13.680747,2030.9,94.1,194.8,8.4,0
2026-03-15 00:03:13.680747,2093.2,85.4,196.1,5.5,0
2026-03-15 00:04:13.680747,2070.2,86.5,200.8,7.0,0
2026-03-15 00:05:13.680747,1963.3,87.3,199.5,13.1,0
2026-03-15 00:06:13.680747,2047.5,85.8,209.2,9.8,0
2026-03-15 00:07:13.680747,1864.7,89.6,202.0,9.2,0
2026-03-15 00:08:13.680747,1871.3,88.1,196.6,5.9,0
2026-03-15 00:09:13.680747,1873.1,89.0,208.0,7.2,0
2026-03-15 00:10:13.680747,1843.5,89.2,202.8,8.5,0
2026-03-15 00:11:13.680747,1979.1,90.4,209.5,10.4,0
2026-03-15 00:12:13.680747,2098.1,83.1,192.6,8.2,0
2026-03-15 00:13:13.680747,1929.3,87.2,202.8,8.2,0
2026-03-15 00:14:13.680747,1970.7,88.9,208.1,11.5,0
2026-03-15 00:15:13.680747,2150.1,89.3,197.3,10.5,0
2026-03-15 00:16:13.680747,1901.8,88.0,198.7,12.0,0
2026-03-15 00:17:13.680747,1954.8,89.1,205.7,8.3,0
2026-03-15 00:18:13.680747,2103.5,84.7,203.5,9.5,0
2026-03-15 00:19:13.680747,2030.9,86.4,201.6,9.8,0
2026-03-15 00:20:13.680747,2043.1,85.6,202.9,6.1,0
2026-03-15 00:21:13.680747,2009.5,87.5,201.3,8.2,0
2026-03-15 00:22:13.680747,2083.4,85.5,191.6,7.1,0
2026-03-15 00:23:13.680747,1962.8,82.9,201.9,9.1,0
2026-03-15 00:24:13.680747,2046.5,86.6,204.9,7.3,0
2026-03-15 00:25:13.680747,2003.2,88.5,197.3,7.1,0
2026-03-15 00:26:13.680747,1973.6,92.4,201.9,6.1,0
2026-03-15 00:27:13.680747,2112.4,88.0,206.1,8.7,0
2026-03-15 00:28:13.680747,2033.2,91.8,192.7,11.0,0
2026-03-15 00:29:13.680747,2082.0,87.8,192.2,10.3,0
2026-03-15 00:30:13.680747,2007.5,86.1,192.9,7.4,0
2026-03-15 00:31:13.680747,1805.7,88.6,205.7,8.9,0
2026-03-15 00:32:13.680747,1969.3,88.0,197.7,10.5,0
2026-03-15 00:33:13.680747,1837.2,87.7,197.0,11.1,0
2026-03-15 00:34:13.680747,1990.0,88.7,209.1,9.7,0
2026-03-15 00:35:13.680747,2109.4,85.5,200.6,8.3,0
2026-03-15 00:36:13.680747,2085.6,86.7,202.3,12.3,0
2026-03-15 00:37:13.680747,1952.5,85.2,201.4,11.5,0
2026-03-15 00:38:13.680747,1826.7,84.8,194.3,10.1,0
2026-03-15 00:39:13.680747,2021.4,90.7,199.3,11.0,0
2026-03-15 00:40:13.680747,1830.5,85.2,205.0,6.2,0
2026-03-15 00:41:13.680747,1836.3,87.7,197.9,9.3,0
2026-03-15 00:42:13.680747,2032.5,84.5,191.7,11.6,0
2026-03-15 00:43:13.680747,1897.9,86.2,198.0,7.4,0
2026-03-15 00:44:13.680747,2059.0,88.7,206.6,7.6,0
2026-03-15 00:45:13.680747,1825.4,85.4,208.1,10.7,0
2026-03-15 00:46:13.680747,1911.7,85.5,198.9,8.7,0
2026-03-15 00:47:13.680747,2030.7,87.1,201.5,9.9,0
2026-03-15 00:48:13.680747,2015.0,86.8,196.8,6.8,0
2026-03-15 00:49:13.680747,1975.6,85.2,203.0,8.9,0
2026-03-15 00:50:13.680747,1954.4,84.7,195.8,8.1,0
2026-03-15 00:51:13.680747,1942.6,85.5,195.3,11.4,0
2026-03-15 00:52:13.680747,2041.4,84.4,202.3,10.2,0
2026-03-15 00:53:13.680747,1820.5,86.2,201.7,8.1,0
2026-03-15 00:54:13.680747,2005.3,89.3,204.8,8.6,0
2026-03-15 00:55:13.680747,2151.3,87.9,206.8,10.3,0
2026-03-15 00:56:13.680747,2127.6,86.0,199.9,9.2,0
2026-03-15 00:57:13.680747,2126.3,87.8,206.6,10.8,0
2026-03-15 00:58:13.680747,1897.5,87.9,208.9,9.2,0
2026-03-15 00:59:13.680747,2097.5,86.8,192.9,13.3,0
2026-03-15 01:00:13.680747,1919.2,86.3,199.6,12.8,0
2026-03-15 01:01:13.680747,1855.1,85.3,189.3,15.3,0
2026-03-15 01:02:13.680747,2086.0,88.6,198.2,10.4,0
2026-03-15 01:03:13.680747,1995.8,83.1,204.4,12.1,0
2026-03-15 01:04:13.680747,2076.1,86.9,208.6,13.0,0
2026-03-15 01:05:13.680747,1968.1,89.4,200.9,9.6,0
2026-03-15 01:06:13.680747,1803.7,88.2,209.1,12.1,0
2026-03-15 01:07:13.680747,2044.3,84.2,201.3,10.5,0
2026-03-15 01:08:13.680747,1848.6,85.8,199.5,9.8,0
2026-03-15 01:09:13.680747,2016.4,86.7,198.0,12.8,0
2026-03-15 01:10:13.680747,1997.9,90.1,205.4,11.1,0
2026-03-15 01:11:13.680747,1907.8,89.7,209.0,12.7,0
2026-03-15 01:12:13.680747,1901.0,88.0,199.9,10.7,0
2026-03-15 01:13:13.680747,2058.1,85.8,191.2,7.9,0
2026-03-15 01:14:13.680747,1904.5,90.5,187.9,10.5,0
2026-03-15 01:15:13.680747,2047.5,89.1,196.7,10.5,0
2026-03-15 01:16:13.680747,1967.4,91.8,202.0,10.1,0
2026-03-15 01:17:13.680747,2005.3,90.1,200.0,11.2,0
2026-03-15 01:18:13.680747,1912.1,87.9,206.2,11.6,0
2026-03-15 01:19:13.680747,2044.1,86.4,196.0,8.6,0
2026-03-15 01:20:13.680747,1905.2,88.0,206.6,9.8,0
2026-03-15 01:21:13.680747,2077.7,88.9,194.1,11.8,0
2026-03-15 01:22:13.680747,1947.5,89.8,190.1,8.9,0
2026-03-15 01:23:13.680747,1947.0,87.1,205.0,8.8,0
2026-03-15 01:24:13.680747,1924.7,85.4,196.6,13.3,0
2026-03-15 01:25:13.680747,1994.8,90.3,194.1,10.7,0
2026-03-15 01:26:13.680747,1782.7,88.4,207.6,8.6,0
2026-03-15 01:27:13.680747,1888.7,87.3,204.8,8.6,0
2026-03-15 01:28:13.680747,2041.6,87.5,203.0,10.6,0
2026-03-15 01:29:13.680747,2137.6,84.3,197.4,9.3,0
2026-03-15 01:30:13.680747,1919.8,85.1,209.7,8.5,0
2026-03-15 01:31:13.680747,2040.8,86.8,195.8,12.6,0
2026-03-15 01:32:13.680747,1981.0,89.3,200.1,8.7,0
2026-03-15 01:33:13.680747,1964.6,88.0,199.8,9.9,0
2026-03-15 01:34:13.680747,2011.7,90.2,211.0,10.7,0
2026-03-15 01:35:13.680747,2031.2,89.6,212.5,9.2,0
2026-03-15 01:36:13.680747,1923.6,88.3,208.2,9.4,0
2026-03-15 01:37:13.680747,2096.7,85.3,207.4,12.7,0
2026-03-15 01:38:13.680747,2040.5,89.8,203.6,9.5,0
2026-03-15 01:39:13.680747,2176.0,89.8,195.2,7.1,0
2026-03-15 01:40:13.680747,2001.2,87.6,205.2,10.5,0
2026-03-15 01:41:13.680747,1816.9,89.9,203.5,10.3,0
2026-03-15 01:42:13.680747,2141.5,92.7,201.4,10.1,0
2026-03-15 01:43:13.680747,2032.1,87.8,196.2,9.5,0
2026-03-15 01:44:13.680747,2021.9,86.4,191.0,10.7,0
2026-03-15 01:45:13.680747,1929.4,84.3,204.7,9.5,0
2026-03-15 01:46:13.680747,2069.7,87.2,202.6,10.0,0
2026-03-15 01:47:13.680747,1958.2,87.0,203.9,14.4,0
2026-03-15 01:48:13.680747,1980.7,87.7,192.8,4.7,0
2026-03-15 01:49:13.680747,1921.1,85.7,200.7,6.2,0
2026-03-15 01:50:13.680747,2035.2,86.9,202.5,10.7,0
2026-03-15 01:51:13.680747,2037.6,88.7,194.8,8.5,0
2026-03-15 01:52:13.680747,2089.2,87.0,197.8,9.1,0
2026-03-15 01:53:13.680747,2086.1,87.4,201.3,7.6,0
2026-03-15 01:54:13.680747,2096.0,91.9,200.0,11.6,0
2026-03-15 01:55:13.680747,2005.9,88.9,200.1,16.3,0
2026-03-15 01:56:13.680747,1908.3,89.8,194.9,9.3,0
2026-03-15 01:57:13.680747,1949.2,90.3,195.6,9.3,0
2026-03-15 01:58:13.680747,1986.8,91.9,188.7,10.9,0
2026-03-15 01:59:13.680747,2008.1,91.1,200.0,9.6,0
2026-03-15 02:00:13.680747,2094.9,88.1,197.2,12.9,0
2026-03-15 02:01:13.680747,1982.1,88.7,208.0,11.1,0
2026-03-15 02:02:13.680747,1969.6,88.2,197.6,5.4,0
2026-03-15 02:03:13.680747,2069.2,89.1,191.8,15.5,0
2026-03-15 02:04:13.680747,2034.7,91.1,199.5,9.2,0
2026-03-15 02:05:13.680747,2069.6,87.9,195.5,12.1,0
2026-03-15 02:06:13.680747,2051.3,89.3,198.6,10.2,0
2026-03-15 02:07:13.680747,1776.8,89.2,200.6,12.8,0
2026-03-15 02:08:13.680747,1997.2,83.2,196.8,10.8,0
2026-03-15 02:09:13.680747,2020.3,88.2,196.8,11.0,0
2026-03-15 02:10:13.680747,1924.1,86.1,200.1,6.9,0
2026-03-15 02:11:13.680747,2028.2,90.4,194.9,6.5,0
2026-03-15 02:12:13.680747,1984.0,87.1,201.5,6.2,0
2026-03-15 02:13:13.680747,1931.4,87.1,197.5,9.0,0
2026-03-15 02:14:13.680747,1946.0,84.7,200.0,7.0,0
2026-03-15 02:15:13.680747,2209.1,88.5,199.6,14.0,0
2026-03-15 02:16:13.680747,2177.9,85.9,205.5,8.5,0
2026-03-15 02:17:13.680747,2022.0,86.9,204.9,11.6,0
2026-03-15 02:18:13.680747,2110.0,88.4,200.9,8.5,0
2026-03-15 02:19:13.680747,2011.9,87.6,198.3,12.0,0
2026-03-15 02:20:13.680747,1940.3,87.5,202.0,9.7,0
2026-03-15 02:21:13.680747,1897.3,85.8,195.4,13.1,0
2026-03-15 02:22:13.680747,1996.9,84.9,198.2,8.1,0
2026-03-15 02:23:13.680747,2062.3,89.9,196.2,7.8,0
2026-03-15 02:24:13.680747,2202.8,90.4,200.9,8.0,0
2026-03-15 02:25:13.680747,1947.4,87.2,198.0,8.4,0
2026-03-15 02:26:13.680747,2039.2,89.4,193.6,7.9,0
2026-03-15 02:27:13.680747,2080.6,88.6,201.0,5.7,0
2026-03-15 02:28:13.680747,1939.6,87.7,206.5,8.3,0
2026-03-15 02:29:13.680747,2022.8,90.1,196.1,10.8,0
2026-03-15 02:30:13.680747,1986.1,87.4,208.9,8.6,0
2026-03-15 02:31:13.680747,2075.1,89.4,197.9,10.7,0
2026-03-15 02:32:13.680747,2012.8,91.2,205.2,8.9,0
2026-03-15 02:33:13.680747,1949.0,90.1,194.8,14.4,0
2026-03-15 02:34:13.680747,1924.8,89.1,193.8,13.6,0
2026-03-15 02:35:13.680747,1879.1,86.0,204.1,10.6,0
2026-03-15 02:36:13.680747,1994.5,88.5,196.6,14.9,0
2026-03-15 02:37:13.680747,2048.5,85.6,204.3,8.4,0
2026-03-15 02:38:13.680747,1975.3,88.0,193.2,11.7,0
2026-03-15 02:39:13.680747,2174.6,86.3,200.7,15.5,0
2026-03-15 02:40:13.680747,2026.9,84.1,206.3,10.0,0
2026-03-15 02:41:13.680747,1867.5,91.9,192.2,14.1,0
2026-03-15 02:42:13.680747,2034.4,87.8,202.6,10.4,0
2026-03-15 02:43:13.680747,2046.4,91.2,198.7,8.3,0
2026-03-15 02:44:13.680747,1988.5,85.1,201.4,9.1,0
2026-03-15 02:45:13.680747,1969.8,88.2,200.6,10.6,0
2026-03-15 02:46:13.680747,1967.4,86.9,198.1,9.5,0
2026-03-15 02:47:13.680747,1838.0,87.3,205.1,11.9,0
2026-03-15 02:48:13.680747,2035.0,87.8,207.0,9.3,0
2026-03-15 02:49:13.680747,1842.1,87.6,199.7,3.9,0
2026-03-15 02:50:13.680747,2050.4,87.4,196.5,15.3,0
2026-03-15 02:51:13.680747,2150.8,86.7,198.6,12.7,0
2026-03-15 02:52:13.680747,1995.3,91.1,199.1,13.1,0
2026-03-15 02:53:13.680747,1803.7,87.0,202.3,10.3,0
2026-03-15 02:54:13.680747,1974.9,87.1,197.8,13.0,0
2026-03-15 02:55:13.680747,2157.1,85.9,201.7,8.2,0
2026-03-15 02:56:13.680747,1892.1,87.2,198.8,11.5,0
2026-03-15 02:57:13.680747,2013.1,84.7,206.7,11.8,0
2026-03-15 02:58:13.680747,1978.2,89.3,188.5,11.7,0
2026-03-15 02:59:13.680747,2207.4,91.3,198.6,15.0,0
2026-03-15 03:00:13.680747,1988.7,87.5,203.4,8.9,0
2026-03-15 03:01:13.680747,1882.6,89.4,193.1,11.3,0
2026-03-15 03:02:13.680747,2012.6,84.2,197.0,11.2,0
2026-03-15 03:03:13.680747,1961.3,90.4,195.2,13.5,0
2026-03-15 03:04:13.680747,2041.6,89.8,193.5,11.0,0
2026-03-15 03:05:13.680747,1833.1,85.4,198.9,9.6,0
2026-03-15 03:06:13.680747,1938.6,88.9,198.6,13.8,0
2026-03-15 03:07:13.680747,2121.5,88.8,200.4,11.0,0
2026-03-15 03:08:13.680747,1932.3,86.1,204.2,10.2,0
2026-03-15 03:09:13.680747,2174.9,83.9,198.9,9.7,0
2026-03-15 03:10:13.680747,2055.8,89.1,198.5,9.3,0
2026-03-15 03:11:13.680747,1960.2,89.4,203.0,8.5,0
2026-03-15 03:12:13.680747,1885.8,90.1,198.8,10.6,0
2026-03-15 03:13:13.680747,2030.7,88.5,200.8,8.7,0
2026-03-15 03:14:13.680747,2111.3,87.6,203.8,8.6,0
2026-03-15 03:15:13.680747,2003.5,86.7,204.6,7.1,0
2026-03-15 03:16:13.680747,1901.6,89.5,200.5,9.4,0
2026-03-15 03:17:13.680747,1961.8,91.7,198.1,6.3,0
2026-03-15 03:18:13.680747,1820.2,86.6,201.4,13.5,0
2026-03-15 03:19:13.680747,1976.1,91.2,198.9,9.9,0
2026-03-15 03:20:13.680747,1999.4,86.9,199.2,10.8,0
2026-03-15 03:21:13.680747,2103.5,86.6,198.1,10.2,0
2026-03-15 03:22:13.680747,2132.4,86.7,200.1,12.2,0
2026-03-15 03:23:13.680747,2161.9,88.2,190.9,7.0,0
2026-03-15 03:24:13.680747,2088.0,89.8,197.5,10.9,0
2026-03-15 03:25:13.680747,2069.3,89.3,195.3,12.8,0
2026-03-15 03:26:13.680747,2104.8,86.0,193.3,8.3,0
2026-03-15 03:27:13.680747,2016.9,88.0,201.7,13.3,0
2026-03-15 03:28:13.680747,2094.2,88.6,198.2,13.6,0
2026-03-15 03:29:13.680747,2076.0,86.5,205.1,10.1,0
2026-03-15 03:30:13.680747,2122.1,87.4,194.4,10.6,0
2026-03-15 03:31:13.680747,1956.5,90.2,198.3,10.2,0
2026-03-15 03:32:13.680747,2127.7,90.3,196.7,8.4,0
2026-03-15 03:33:13.680747,1896.1,89.2,203.1,9.6,0
2026-03-15 03:34:13.680747,2019.8,84.0,194.9,10.6,0
2026-03-15 03:35:13.680747,2033.4,88.0,207.9,12.2,0
2026-03-15 03:36:13.680747,1882.8,89.2,205.1,12.5,0
2026-03-15 03:37:13.680747,1952.3,88.5,199.2,10.8,0
2026-03-15 03:38:13.680747,2045.6,86.5,210.5,4.5,0
2026-03-15 03:39:13.680747,1985.6,87.5,209.2,9.8,0
2026-03-15 03:40:13.680747,2029.4,84.8,199.0,13.9,0
2026-03-15 03:41:13.680747,2010.7,92.5,200.6,10.4,0
2026-03-15 03:42:13.680747,2064.7,88.2,199.9,7.4,0
2026-03-15 03:43:13.680747,2027.0,87.3,205.4,9.0,0
2026-03-15 03:44:13.680747,2058.1,88.7,196.4,10.7,0
2026-03-15 03:45:13.680747,2157.7,88.2,205.4,8.3,0
2026-03-15 03:46:13.680747,1960.1,86.1,196.7,14.0,0
2026-03-15 03:47:13.680747,1926.2,89.7,199.2,13.0,0
2026-03-15 03:48:13.680747,1901.8,90.4,205.1,12.1,0
2026-03-15 03:49:13.680747,2162.6,84.3,195.1,11.1,0
2026-03-15 03:50:13.680747,1765.2,87.7,201.2,11.8,0
2026-03-15 03:51:13.680747,1957.9,88.4,196.7,11.3,0
2026-03-15 03:52:13.680747,2008.9,87.4,200.4,11.0,0
2026-03-15 03:53:13.680747,1804.4,89.1,201.2,11.5,0
2026-03-15 03:54:13.680747,1710.8,89.6,192.7,8.0,0
2026-03-15 03:55:13.680747,2023.5,86.9,203.8,11.8,0
2026-03-15 03:56:13.680747,1805.4,87.0,204.5,10.9,0
2026-03-15 03:57:13.680747,1933.4,88.7,201.9,9.8,0
2026-03-15 03:58:13.680747,1966.7,88.6,202.6,9.4,0
2026-03-15 03:59:13.680747,1918.7,88.4,201.8,13.6,0
2026-03-15 04:00:13.680747,2110.0,90.5,208.2,11.0,0
2026-03-15 04:01:13.680747,2107.3,90.1,197.9,8.0,0
2026-03-15 04:02:13.680747,1905.1,89.7,204.2,11.2,0
2026-03-15 04:03:13.680747,1812.3,86.7,207.1,10.1,0
2026-03-15 04:04:13.680747,1876.2,85.6,194.2,11.4,0
2026-03-15 04:05:13.680747,1924.8,86.5,193.3,11.2,0
2026-03-15 04:06:13.680747,2190.5,89.8,202.4,9.2,0
2026-03-15 04:07:13.680747,1969.6,87.8,199.2,12.6,0
2026-03-15 04:08:13.680747,2005.7,88.7,200.7,12.6,0
2026-03-15 04:09:13.680747,2093.5,84.2,200.6,8.9,0
2026-03-15 04:10:13.680747,1989.5,87.3,195.5,12.5,0
2026-03-15 04:11:13.680747,1962.8,86.2,202.3,11.7,0
2026-03-15 04:12:13.680747,1952.6,89.6,199.3,7.7,0
2026-03-15 04:13:13.680747,1973.2,86.8,206.8,8.8,0
2026-03-15 04:14:13.680747,2087.4,88.1,200.8,10.1,0
2026-03-15 04:15:13.680747,1931.8,87.7,200.2,8.2,0
2026-03-15 04:16:13.680747,2052.9,86.0,191.2,10.3,0
2026-03-15 04:17:13.680747,1935.6,87.2,198.1,9.7,0
2026-03-15 04:18:13.680747,2029.2,93.4,199.1,7.8,0
2026-03-15 04:19:13.680747,2125.9,85.7,194.5,10.9,0
2026-03-15 04:20:13.680747,2136.1,89.5,199.5,7.7,0
2026-03-15 04:21:13.680747,1868.8,91.4,196.5,11.0,0
2026-03-15 04:22:13.680747,2032.2,84.5,196.6,10.9,0
2026-03-15 04:23:13.680747,2013.5,89.6,201.2,12.0,0
2026-03-15 04:24:13.680747,1983.4,86.4,207.4,12.0,0
2026-03-15 04:25:13.680747,2108.9,88.1,198.6,12.0,0
2026-03-15 04:26:13.680747,2110.6,89.2,203.8,13.4,0
2026-03-15 04:27:13.680747,2026.0,86.3,195.3,5.5,0
2026-03-15 04:28:13.680747,2056.6,87.4,197.7,9.5,0
2026-03-15 04:29:13.680747,1826.7,85.7,189.8,9.7,0
2026-03-15 04:30:13.680747,2142.5,88.1,201.1,9.1,0
2026-03-15 04:31:13.680747,1991.7,91.2,196.4,7.2,0
2026-03-15 04:32:13.680747,1922.7,87.7,201.3,8.4,0
2026-03-15 04:33:13.680747,1976.4,87.4,193.4,12.4,0
2026-03-15 04:34:13.680747,1898.1,88.7,206.0,10.8,0
2026-03-15 04:35:13.680747,1890.6,84.1,209.9,6.8,0
2026-03-15 04:36:13.680747,2113.9,87.4,201.9,10.2,0
2026-03-15 04:37:13.680747,1946.4,87.5,199.5,12.3,0
2026-03-15 04:38:13.680747,2068.5,89.1,196.2,11.2,0
2026-03-15 04:39:13.680747,1843.9,83.9,202.0,12.4,0
2026-03-15 04:40:13.680747,2174.0,90.7,196.0,9.2,0
2026-03-15 04:41:13.680747,2015.8,90.6,198.3,9.8,0
2026-03-15 04:42:13.680747,1831.0,86.4,189.4,10.0,0
2026-03-15 04:43:13.680747,2045.2,87.3,198.3,9.7,0
2026-03-15 04:44:13.680747,2005.5,89.0,200.2,11.2,0
2026-03-15 04:45:13.680747,2024.1,89.6,201.0,8.5,0
2026-03-15 04:46:13.680747,1897.6,84.6,196.6,7.5,0
2026-03-15 04:47:13.680747,2055.8,93.3,199.3,11.3,0
2026-03-15 04:48:13.680747,1912.9,86.4,198.7,8.7,0
2026-03-15 04:49:13.680747,1910.5,88.7,193.9,9.2,0
2026-03-15 04:50:13.680747,2087.5,88.0,194.9,7.3,0
2026-03-15 04:51:13.680747,1958.6,86.0,195.2,7.8,0
2026-03-15 04:52:13.680747,2097.6,87.8,198.8,11.2,0
2026-03-15 04:53:13.680747,2073.8,90.3,194.7,8.4,0
2026-03-15 04:54:13.680747,1912.7,93.0,198.1,9.4,0
2026-03-15 04:55:13.680747,2027.1,90.9,201.4,10.6,0
2026-03-15 04:56:13.680747,2043.1,89.4,201.7,8.6,0
2026-03-15 04:57:13.680747,2137.3,91.3,200.7,8.7,0
2026-03-15 04:58:13.680747,2116.2,89.0,212.2,11.1,0
2026-03-15 04:59:13.680747,2024.8,85.3,198.6,10.8,0
2026-03-15 05:00:13.680747,2008.9,90.3,196.4,10.9,0
2026-03-15 05:01:13.680747,1915.5,89.3,206.0,7.3,0
2026-03-15 05:02:13.680747,1997.5,87.6,196.6,13.2,0
2026-03-15 05:03:13.680747,1982.9,89.8,201.1,13.1,0
2026-03-15 05:04:13.680747,2010.1,85.9,199.1,9.2,0
2026-03-15 05:05:13.680747,2075.2,90.5,194.6,11.8,0
2026-03-15 05:06:13.680747,1980.1,86.8,202.8,11.1,0
2026-03-15 05:07:13.680747,2040.7,89.6,196.0,9.4,0
2026-03-15 05:08:13.680747,1879.3,86.5,186.6,9.0,0
2026-03-15 05:09:13.680747,2053.7,85.6,206.0,7.8,0
2026-03-15 05:10:13.680747,2166.5,90.7,203.5,11.8,0
2026-03-15 05:11:13.680747,1948.9,87.9,193.1,10.1,0
2026-03-15 05:12:13.680747,2139.7,87.1,192.5,9.4,0
2026-03-15 05:13:13.680747,2110.5,91.0,193.1,10.4,0
2026-03-15 05:14:13.680747,1928.4,86.2,199.9,12.3,0
2026-03-15 05:15:13.680747,1999.8,89.7,198.0,8.0,0
2026-03-15 05:16:13.680747,2234.4,86.3,210.6,10.4,0
2026-03-15 05:17:13.680747,2177.7,90.8,203.9,10.2,0
2026-03-15 05:18:13.680747,2033.8,88.9,197.4,9.9,0
2026-03-15 05:19:13.680747,1978.3,85.5,195.2,11.0,0
2026-03-15 05:20:13.680747,2151.0,90.3,195.7,11.0,0
2026-03-15 05:21:13.680747,2054.5,88.8,210.3,9.1,0
2026-03-15 05:22:13.680747,1830.7,86.8,202.3,8.6,0
2026-03-15 05:23:13.680747,2069.5,87.5,193.7,13.5,0
2026-03-15 05:24:13.680747,2060.4,90.5,194.8,9.5,0
2026-03-15 05:25:13.680747,1794.1,92.8,204.1,7.1,0
2026-03-15 05:26:13.680747,2085.2,86.0,194.4,12.7,0
2026-03-15 05:27:13.680747,2079.1,87.8,199.7,7.4,0
2026-03-15 05:28:13.680747,2054.8,90.7,199.4,9.8,0
2026-03-15 05:29:13.680747,2039.7,85.9,196.4,7.8,0
2026-03-15 05:30:13.680747,2158.4,87.3,197.9,12.1,0
2026-03-15 05:31:13.680747,1939.8,89.5,200.6,15.4,0
2026-03-15 05:32:13.680747,2127.5,87.5,199.5,10.0,0
2026-03-15 05:33:13.680747,2064.7,86.5,197.9,9.8,0
2026-03-15 05:34:13.680747,2331.1,92.6,197.2,8.6,0
2026-03-15 05:35:13.680747,2031.2,89.3,196.7,11.8,0
2026-03-15 05:36:13.680747,1947.6,87.4,197.1,10.5,0
2026-03-15 05:37:13.680747,1963.2,89.7,197.2,7.5,0
2026-03-15 05:38:13.680747,2061.4,86.0,206.1,9.4,0
2026-03-15 05:39:13.680747,2092.3,87.8,207.8,6.4,0
2026-03-15 05:40:13.680747,1854.4,88.7,194.7,9.8,0
2026-03-15 05:41:13.680747,1738.2,90.1,207.8,9.6,0
2026-03-15 05:42:13.680747,1992.4,86.1,204.8,12.1,0
2026-03-15 05:43:13.680747,1891.8,90.2,205.2,11.5,0
2026-03-15 05:44:13.680747,1862.2,92.5,199.0,4.7,0
2026-03-15 05:45:13.680747,2181.3,87.0,194.2,11.8,0
2026-03-15 05:46:13.680747,2018.1,84.2,198.1,7.4,0
2026-03-15 05:47:13.680747,2051.2,86.6,208.8,9.8,0
2026-03-15 05:48:13.680747,2114.3,85.5,203.9,9.4,0
2026-03-15 05:49:13.680747,2091.7,89.1,187.5,11.4,0
2026-03-15 05:50:13.680747,2107.3,87.8,197.7,11.0,0
2026-03-15 05:51:13.680747,1694.5,89.3,197.2,7.2,0
2026-03-15 05:52:13.680747,1778.3,94.3,165.2,13.6,1
2026-03-15 05:53:13.680747,1852.7,94.7,162.9,11.5,1
2026-03-15 05:54:13.680747,1904.3,99.1,172.1,4.9,1
2026-03-15 05:55:13.680747,1923.5,97.2,172.4,12.6,1
2026-03-15 05:56:13.680747,1946.6,91.8,160.7,9.5,1
2026-03-15 05:57:13.680747,1915.6,97.0,154.4,13.5,1
2026-03-15 05:58:13.680747,1995.9,95.6,164.0,15.7,1
2026-03-15 05:59:13.680747,2240.8,96.9,167.7,14.3,1
2026-03-15 06:00:13.680747,2061.4,93.4,166.8,14.2,1
2026-03-15 06:01:13.680747,1632.2,102.4,154.5,11.5,1
2026-03-15 06:02:13.680747,1818.9,97.2,184.0,17.1,1
2026-03-15 06:03:13.680747,1762.4,92.7,164.1,13.9,1
2026-03-15 06:04:13.680747,1717.2,97.7,165.7,10.9,1
2026-03-15 06:05:13.680747,1832.9,100.2,177.3,12.4,1
2026-03-15 06:06:13.680747,1996.5,96.0,184.8,12.9,1
2026-03-15 06:07:13.680747,1791.9,96.4,150.6,12.9,1
2026-03-15 06:08:13.680747,1798.9,100.3,159.1,13.3,1
2026-03-15 06:09:13.680747,1832.4,92.4,160.9,14.1,1
2026-03-15 06:10:13.680747,1946.6,95.5,163.7,15.1,1
2026-03-15 06:11:13.680747,1842.1,98.2,165.8,20.0,1
2026-03-15 06:12:13.680747,1960.7,97.6,156.8,13.7,1
2026-03-15 06:13:13.680747,1864.1,86.3,171.0,16.6,1
2026-03-15 06:14:13.680747,2318.8,98.3,162.5,14.0,1
2026-03-15 06:15:13.680747,2050.4,96.2,151.2,14.1,1
2026-03-15 06:16:13.680747,2056.6,98.9,183.1,14.9,1
2026-03-15 06:17:13.680747,2202.5,94.7,172.4,9.9,1
2026-03-15 06:18:13.680747,1949.3,98.1,173.5,10.6,1
2026-03-15 06:19:13.680747,1627.6,95.0,180.8,14.6,1
2026-03-15 06:20:13.680747,1980.2,95.9,152.0,13.9,1
2026-03-15 06:21:13.680747,2150.0,93.2,163.4,12.7,1
2026-03-15 06:22:13.680747,1979.6,94.1,164.7,15.3,1
2026-03-15 06:23:13.680747,2010.8,95.7,171.7,17.5,1
2026-03-15 06:24:13.680747,1957.9,98.9,162.4,14.3,1
2026-03-15 06:25:13.680747,1900.2,96.0,159.4,11.2,1
2026-03-15 06:26:13.680747,1992.4,92.6,172.1,14.4,1
2026-03-15 06:27:13.680747,1888.6,98.8,156.8,12.6,1
2026-03-15 06:28:13.680747,1892.2,97.4,163.9,10.2,1
2026-03-15 06:29:13.680747,1977.0,92.1,141.3,12.0,1
2026-03-15 06:30:13.680747,1866.9,90.9,176.3,12.1,1
2026-03-15 06:31:13.680747,2001.9,95.2,174.0,13.4,1
2026-03-15 06:32:13.680747,2030.7,94.7,167.0,18.1,1
2026-03-15 06:33:13.680747,1843.5,93.9,177.0,16.2,1
2026-03-15 06:34:13.680747,2224.5,99.6,161.8,12.5,1
2026-03-15 06:35:13.680747,1648.1,98.3,159.9,13.1,1
2026-03-15 06:36:13.680747,2075.9,91.1,145.6,21.7,1
2026-03-15 06:37:13.680747,2043.5,98.8,164.6,19.4,1
2026-03-15 06:38:13.680747,1938.5,96.1,166.2,15.0,1
2026-03-15 06:39:13.680747,2109.2,94.9,158.4,12.5,1
2026-03-15 06:40:13.680747,2061.7,100.3,178.0,12.9,1
2026-03-15 06:41:13.680747,1828.4,93.0,170.4,11.8,1
2026-03-15 06:42:13.680747,1974.6,99.7,162.7,15.2,1
2026-03-15 06:43:13.680747,1852.0,92.4,155.6,13.9,1
2026-03-15 06:44:13.680747,2132.0,92.9,163.5,15.5,1
2026-03-15 06:45:13.680747,1806.9,103.5,153.7,6.2,1
2026-03-15 06:46:13.680747,1764.9,102.5,173.4,13.7,1
2026-03-15 06:47:13.680747,1712.5,104.0,169.6,17.9,1
2026-03-15 06:48:13.680747,1865.8,100.0,169.7,15.9,1
2026-03-15 06:49:13.680747,2065.6,94.6,170.7,14.3,1
2026-03-15 06:50:13.680747,1737.0,89.0,166.2,16.1,1
2026-03-15 06:51:13.680747,1722.8,97.5,173.9,11.1,1
2026-03-15 06:52:13.680747,1943.7,95.9,166.9,14.9,1
2026-03-15 06:53:13.680747,1882.1,94.6,163.9,20.3,1
2026-03-15 06:54:13.680747,1881.4,97.4,155.3,9.6,1
2026-03-15 06:55:13.680747,2126.5,93.9,164.3,15.0,1
2026-03-15 06:56:13.680747,2062.7,101.3,169.5,14.4,1
2026-03-15 06:57:13.680747,1756.9,99.9,151.4,6.3,1
2026-03-15 06:58:13.680747,2158.3,104.4,167.3,14.2,1
2026-03-15 06:59:13.680747,1811.3,96.3,158.3,14.1,1
2026-03-15 07:00:13.680747,1891.7,100.9,164.4,16.0,1
2026-03-15 07:01:13.680747,2019.3,100.4,178.1,9.6,1
2026-03-15 07:02:13.680747,1915.5,95.8,173.3,12.4,1
2026-03-15 07:03:13.680747,1803.7,99.7,154.9,16.5,1
2026-03-15 07:04:13.680747,1660.0,97.5,169.5,14.2,1
2026-03-15 07:05:13.680747,1936.9,96.5,160.2,16.4,1
2026-03-15 07:06:13.680747,1930.0,93.5,171.3,18.1,1
2026-03-15 07:07:13.680747,1855.2,100.3,149.3,12.0,1
2026-03-15 07:08:13.680747,1933.7,97.2,163.0,6.5,1
2026-03-15 07:09:13.680747,2017.7,96.9,163.8,16.9,1
2026-03-15 07:10:13.680747,2005.8,95.9,164.7,13.0,1
2026-03-15 07:11:13.680747,2156.2,101.0,167.0,17.1,1
2026-03-15 07:12:13.680747,1812.5,97.9,163.3,16.3,1
2026-03-15 07:13:13.680747,1702.0,102.4,149.5,15.5,1
2026-03-15 07:14:13.680747,2009.5,97.9,146.7,13.2,1
2026-03-15 07:15:13.680747,1977.4,92.4,171.9,16.6,1
2026-03-15 07:16:13.680747,1988.4,95.4,156.8,15.2,1
2026-03-15 07:17:13.680747,1969.7,94.1,155.5,10.4,1
2026-03-15 07:18:13.680747,1835.8,99.7,158.6,16.5,1
2026-03-15 07:19:13.680747,2073.9,101.9,169.2,13.4,1
2026-03-15 07:20:13.680747,2174.2,102.2,153.5,13.9,1
2026-03-15 07:21:13.680747,1929.1,98.8,161.2,18.0,1
2026-03-15 07:22:13.680747,1613.1,97.6,170.6,15.0,1
2026-03-15 07:23:13.680747,1972.4,100.0,152.3,9.2,1
2026-03-15 07:24:13.680747,1895.3,99.0,157.3,19.8,1
2026-03-15 07:25:13.680747,1974.5,104.0,164.5,13.5,1
2026-03-15 07:26:13.680747,2124.3,96.1,162.4,18.2,1
2026-03-15 07:27:13.680747,2103.0,100.3,166.5,12.8,1
2026-03-15 07:28:13.680747,1992.1,98.4,159.4,14.9,1
2026-03-15 07:29:13.680747,2051.7,100.4,155.5,18.6,1
2026-03-15 07:30:13.680747,1635.8,98.8,156.5,16.3,1
2026-03-15 07:31:13.680747,2209.6,95.7,156.8,10.4,1
2026-03-15 07:32:13.680747,1842.1,103.1,142.4,19.5,1
2026-03-15 07:33:13.680747,1873.2,97.0,148.2,15.8,1
2026-03-15 07:34:13.680747,1919.1,99.3,155.0,14.8,1
2026-03-15 07:35:13.680747,2116.7,97.7,151.3,16.1,1
2026-03-15 07:36:13.680747,1576.7,101.3,149.3,10.7,1
2026-03-15 07:37:13.680747,2080.3,98.7,154.0,18.6,1
2026-03-15 07:38:13.680747,1741.6,98.5,161.0,14.7,1
2026-03-15 07:39:13.680747,2097.9,103.5,155.9,18.8,1
2026-03-15 07:40:13.680747,1988.0,102.6,181.2,13.3,1
2026-03-15 07:41:13.680747,2126.3,106.6,178.3,10.7,1
2026-03-15 07:42:13.680747,1911.4,98.7,157.0,16.7,1
2026-03-15 07:43:13.680747,1702.8,98.4,170.5,15.5,1
2026-03-15 07:44:13.680747,1970.1,103.0,171.0,17.7,1
2026-03-15 07:45:13.680747,2114.2,103.8,151.3,10.4,1
2026-03-15 07:46:13.680747,2065.1,101.8,159.6,11.5,1
2026-03-15 07:47:13.680747,2016.5,101.1,154.3,19.5,1
2026-03-15 07:48:13.680747,1761.8,104.2,162.4,14.4,1
2026-03-15 07:49:13.680747,1994.4,99.9,156.7,11.1,1
2026-03-15 07:50:13.680747,2081.4,96.9,167.1,12.4,1
2026-03-15 07:51:13.680747,1772.6,102.9,151.8,19.4,1
2026-03-15 07:52:13.680747,2038.9,101.6,146.5,13.9,1
2026-03-15 07:53:13.680747,1969.0,99.4,158.8,16.2,1
2026-03-15 07:54:13.680747,2142.8,101.8,140.3,13.7,1
2026-03-15 07:55:13.680747,1987.9,101.4,159.1,16.8,1
2026-03-15 07:56:13.680747,2106.5,100.9,159.6,12.2,1
2026-03-15 07:57:13.680747,2133.2,102.4,164.4,13.5,1
2026-03-15 07:58:13.680747,1830.1,103.2,143.7,13.2,1
2026-03-15 07:59:13.680747,1741.3,101.4,155.8,15.9,1
2026-03-15 08:00:13.680747,1741.0,101.8,159.2,10.9,1
2026-03-15 08:01:13.680747,2026.0,102.9,169.7,14.7,1
2026-03-15 08:02:13.680747,1927.8,100.3,155.3,12.2,1
2026-03-15 08:03:13.680747,1987.5,106.1,151.8,16.8,1
2026-03-15 08:04:13.680747,1784.2,100.1,142.6,16.7,1
2026-03-15 08:05:13.680747,1485.0,104.0,153.3,14.4,1
2026-03-15 08:06:13.680747,2042.5,104.7,157.5,20.2,1
2026-03-15 08:07:13.680747,1811.3,103.8,150.7,14.5,1
2026-03-15 08:08:13.680747,2100.5,102.2,161.3,13.1,1
2026-03-15 08:09:13.680747,2189.9,104.5,182.4,11.9,1
2026-03-15 08:10:13.680747,1966.8,99.7,152.4,15.2,1
2026-03-15 08:11:13.680747,1937.5,99.9,181.2,9.2,1
2026-03-15 08:12:13.680747,1434.2,102.1,168.8,13.0,1
2026-03-15 08:13:13.680747,2005.4,101.1,140.9,13.1,1
2026-03-15 08:14:13.680747,2121.8,105.5,160.1,7.4,1
2026-03-15 08:15:13.680747,1903.6,103.1,148.3,12.5,1
2026-03-15 08:16:13.680747,1798.2,103.7,144.0,15.6,1
2026-03-15 08:17:13.680747,1656.9,101.2,161.5,7.3,1
2026-03-15 08:18:13.680747,1786.6,103.1,158.5,11.1,1
2026-03-15 08:19:13.680747,1854.2,100.6,158.4,13.5,1
2026-03-15 08:20:13.680747,1890.0,97.9,156.9,14.6,1
2026-03-15 08:21:13.680747,1939.3,101.0,154.1,15.8,1
2026-03-15 08:22:13.680747,1905.2,100.9,146.6,16.6,1
2026-03-15 08:23:13.680747,2025.5,103.8,147.5,16.8,1
2026-03-15 08:24:13.680747,2165.9,106.7,151.5,14.2,1
2026-03-15 08:25:13.680747,2004.8,107.8,152.1,12.2,1
2026-03-15 08:26:13.680747,1944.8,106.7,153.6,15.1,1
2026-03-15 08:27:13.680747,2094.5,97.3,143.1,17.1,1
2026-03-15 08:28:13.680747,1768.2,102.0,159.3,13.3,1
2026-03-15 08:29:13.680747,1992.5,105.6,164.5,13.7,1
2026-03-15 08:30:13.680747,1920.0,100.5,158.7,18.4,1
2026-03-15 08:31:13.680747,2165.1,105.9,168.1,17.3,1
2026-03-15 08:32:13.680747,1736.3,105.0,157.0,12.8,1
2026-03-15 08:33:13.680747,1987.3,104.0,152.1,17.8,1
2026-03-15 08:34:13.680747,1816.1,103.1,160.8,11.0,1
2026-03-15 08:35:13.680747,2014.9,102.0,144.7,13.3,1
2026-03-15 08:36:13.680747,2257.4,102.0,157.6,14.3,1
2026-03-15 08:37:13.680747,1829.0,104.0,150.3,8.7,1
2026-03-15 08:38:13.680747,1987.3,104.3,144.9,14.1,1
2026-03-15 08:39:13.680747,1754.7,101.4,156.9,17.3,1
2026-03-15 08:40:13.680747,2223.5,98.2,139.8,9.8,1
2026-03-15 08:41:13.680747,2042.6,103.0,152.0,15.1,1
2026-03-15 08:42:13.680747,2046.3,107.1,157.7,20.5,1
2026-03-15 08:43:13.680747,2294.4,101.0,129.7,16.6,1
2026-03-15 08:44:13.680747,1923.5,103.5,154.0,13.3,1
2026-03-15 08:45:13.680747,2006.5,105.0,146.7,17.5,1
2026-03-15 08:46:13.680747,2027.7,106.5,166.9,14.3,1
2026-03-15 08:47:13.680747,1920.2,107.2,140.1,15.5,1
2026-03-15 08:48:13.680747,2109.4,103.5,153.5,13.8,1
2026-03-15 08:49:13.680747,2092.5,108.3,160.8,17.2,1
2026-03-15 08:50:13.680747,1736.3,106.4,152.5,11.6,1
2026-03-15 08:51:13.680747,2037.2,107.3,147.8,19.6,1
2026-03-15 08:52:13.680747,2291.6,104.9,151.2,12.9,1
2026-03-15 08:53:13.680747,2071.6,107.2,148.9,13.6,1
2026-03-15 08:54:13.680747,2115.9,102.5,149.7,16.2,1
2026-03-15 08:55:13.680747,1919.1,103.2,160.3,16.0,1
2026-03-15 08:56:13.680747,1772.1,100.8,166.9,14.8,1
2026-03-15 08:57:13.680747,1899.4,105.4,155.6,13.0,1
2026-03-15 08:58:13.680747,1894.4,102.1,139.9,13.5,1
2026-03-15 08:59:13.680747,2251.0,102.2,148.2,17.6,1
2026-03-15 09:00:13.680747,1972.7,100.5,151.5,15.6,1
2026-03-15 09:01:13.680747,2249.1,102.1,144.1,16.7,1
2026-03-15 09:02:13.680747,1765.0,105.7,160.2,21.0,1
2026-03-15 09:03:13.680747,1847.8,104.6,152.3,8.7,1
2026-03-15 09:04:13.680747,1814.0,104.1,146.9,12.7,1
2026-03-15 09:05:13.680747,1997.0,100.1,151.6,9.9,1
2026-03-15 09:06:13.680747,1997.5,102.8,135.8,12.0,1
2026-03-15 09:07:13.680747,1875.8,103.7,156.8,12.2,1
2026-03-15 09:08:13.680747,1695.9,102.6,154.0,15.6,1
2026-03-15 09:09:13.680747,1960.6,101.3,148.8,11.6,1
2026-03-15 09:10:13.680747,1708.0,109.9,151.1,9.9,1
2026-03-15 09:11:13.680747,1837.5,107.1,140.2,15.0,1
2026-03-15 09:12:13.680747,2287.3,106.0,152.2,10.3,1
2026-03-15 09:13:13.680747,2073.8,103.5,157.9,15.6,1
2026-03-15 09:14:13.680747,2193.4,106.1,148.1,12.2,1
2026-03-15 09:15:13.680747,1936.8,106.2,141.7,15.1,1
2026-03-15 09:16:13.680747,1809.1,108.4,149.4,16.2,1
2026-03-15 09:17:13.680747,1907.0,104.7,157.3,16.9,1
2026-03-15 09:18:13.680747,1946.8,103.2,152.6,10.5,1
2026-03-15 09:19:13.680747,2072.0,108.0,142.5,14.7,1
2026-03-15 09:20:13.680747,1820.7,103.7,146.7,5.5,1
2026-03-15 09:21:13.680747,1873.9,108.0,153.8,12.2,1
2026-03-15 09:22:13.680747,2065.9,104.6,153.3,16.2,1
2026-03-15 09:23:13.680747,1842.5,107.7,169.5,13.7,1
2026-03-15 09:24:13.680747,1844.4,106.7,134.0,13.8,1
2026-03-15 09:25:13.680747,2170.9,102.8,153.2,12.6,1
2026-03-15 09:26:13.680747,2050.0,104.4,141.4,13.7,1
2026-03-15 09:27:13.680747,2022.2,102.9,162.2,4.7,1
2026-03-15 09:28:13.680747,1899.5,108.4,148.7,14.1,1
2026-03-15 09:29:13.680747,1915.3,106.9,146.0,19.8,1
2026-03-15 09:30:13.680747,2020.7,100.8,139.0,13.9,1
2026-03-15 09:31:13.680747,1977.6,101.8,142.4,11.8,1
2026-03-15 09:32:13.680747,1897.4,110.0,143.2,12.6,1
2026-03-15 09:33:13.680747,2142.7,104.5,154.3,17.2,1
2026-03-15 09:34:13.680747,2120.6,106.7,147.7,16.3,1
2026-03-15 09:35:13.680747,1728.7,102.2,156.5,13.2,1
2026-03-15 09:36:13.680747,2287.6,107.9,148.3,10.6,1
2026-03-15 09:37:13.680747,1734.9,113.1,164.8,14.6,1
2026-03-15 09:38:13.680747,2057.5,108.3,144.9,17.0,1
2026-03-15 09:39:13.680747,1941.6,103.9,136.6,8.4,1
2026-03-15 09:40:13.680747,1918.1,104.5,127.5,17.5,1
2026-03-15 09:41:13.680747,2197.0,105.2,152.5,12.7,1
2026-03-15 09:42:13.680747,1864.0,113.5,127.1,9.7,1
2026-03-15 09:43:13.680747,1785.3,105.8,156.8,21.0,1
2026-03-15 09:44:13.680747,2038.0,110.3,146.0,11.8,1
2026-03-15 09:45:13.680747,1731.1,104.3,156.0,16.1,1
2026-03-15 09:46:13.680747,1873.7,102.3,137.7,9.1,1
2026-03-15 09:47:13.680747,1825.4,105.4,135.8,8.2,1
2026-03-15 09:48:13.680747,2143.4,110.7,150.1,14.2,1
2026-03-15 09:49:13.680747,2122.7,101.0,148.9,16.5,1
2026-03-15 09:50:13.680747,2172.5,110.1,143.5,17.9,1
2026-03-15 09:51:13.680747,2183.0,108.1,152.5,13.4,1
2026-03-15 09:52:13.680747,1735.8,104.1,153.8,12.5,1
2026-03-15 09:53:13.680747,1903.5,107.1,145.0,9.6,1
2026-03-15 09:54:13.680747,2029.7,108.0,149.2,12.2,1
2026-03-15 09:55:13.680747,1811.8,106.6,144.5,11.7,1
2026-03-15 09:56:13.680747,1637.8,104.1,147.5,18.1,1
2026-03-15 09:57:13.680747,1928.2,108.4,144.4,10.8,1
2026-03-15 09:58:13.680747,1817.5,112.5,150.7,19.7,1
2026-03-15 09:59:13.680747,2190.1,107.5,151.3,14.2,1
2026-03-15 10:00:13.680747,1632.8,112.5,142.2,16.0,1
2026-03-15 10:01:13.680747,1977.2,109.6,152.8,12.8,1
2026-03-15 10:02:13.680747,1977.0,103.3,140.2,13.9,1
2026-03-15 10:03:13.680747,1614.0,104.9,144.4,13.4,1
2026-03-15 10:04:13.680747,1796.8,107.9,158.1,15.7,1
2026-03-15 10:05:13.680747,2216.4,107.2,140.2,12.7,1
2026-03-15 10:06:13.680747,1951.1,110.8,145.3,7.3,1
2026-03-15 10:07:13.680747,1930.6,111.2,141.3,11.8,1
2026-03-15 10:08:13.680747,1972.2,107.8,127.2,12.0,1
2026-03-15 10:09:13.680747,2021.0,106.4,132.8,6.2,1
2026-03-15 10:10:13.680747,2016.8,113.5,147.4,11.5,1
2026-03-15 10:11:13.680747,1837.9,106.3,128.4,17.7,1
2026-03-15 10:12:13.680747,1962.4,109.5,141.0,13.5,1
2026-03-15 10:13:13.680747,2025.5,108.9,146.4,11.5,1
2026-03-15 10:14:13.680747,2025.6,109.3,151.4,15.1,1
2026-03-15 10:15:13.680747,1909.8,110.7,139.9,14.2,1
2026-03-15 10:16:13.680747,2201.7,105.2,149.6,15.6,1
2026-03-15 10:17:13.680747,2247.0,108.5,126.4,16.6,1
2026-03-15 10:18:13.680747,1946.1,103.7,135.1,8.5,1
2026-03-15 10:19:13.680747,1921.9,107.2,145.9,13.2,1
2026-03-15 10:20:13.680747,2081.7,108.6,140.0,15.4,1
2026-03-15 10:21:13.680747,2117.5,114.7,137.6,15.8,1
2026-03-15 10:22:13.680747,2129.3,105.2,148.8,11.8,1
2026-03-15 10:23:13.680747,2052.4,108.1,149.4,14.9,1
2026-03-15 10:24:13.680747,1703.4,104.7,151.0,17.0,1
2026-03-15 10:25:13.680747,1998.1,110.6,149.9,17.2,1
2026-03-15 10:26:13.680747,1774.4,104.9,131.8,17.1,1
2026-03-15 10:27:13.680747,2040.3,103.4,151.6,14.5,1
2026-03-15 10:28:13.680747,2074.0,109.6,145.7,12.0,1
2026-03-15 10:29:13.680747,1952.7,104.3,152.0,13.0,1
2026-03-15 10:30:13.680747,2078.8,106.1,143.4,11.4,1
2026-03-15 10:31:13.680747,2117.1,110.6,148.6,12.2,1
2026-03-15 10:32:13.680747,2045.9,110.6,153.7,9.8,1
2026-03-15 10:33:13.680747,1817.3,111.7,148.2,11.9,1
2026-03-15 10:34:13.680747,2030.4,109.6,148.6,12.8,1
2026-03-15 10:35:13.680747,2251.9,107.3,136.7,13.3,1
2026-03-15 10:36:13.680747,1789.4,103.3,122.8,14.9,1
2026-03-15 10:37:13.680747,2041.6,110.8,145.7,14.3,1
2026-03-15 10:38:13.680747,2080.3,110.1,137.0,10.0,1
2026-03-15 10:39:13.680747,1953.4,107.9,150.1,17.1,1
2026-03-15 10:40:13.680747,1879.5,108.2,133.7,15.0,1
2026-03-15 10:41:13.680747,2160.4,111.6,143.0,10.4,1
2026-03-15 10:42:13.680747,1752.0,109.5,135.5,11.4,1
2026-03-15 10:43:13.680747,2150.2,106.1,130.5,14.8,1
2026-03-15 10:44:13.680747,2136.3,115.6,139.0,12.0,1
2026-03-15 10:45:13.680747,1611.2,108.6,141.0,15.3,1
2026-03-15 10:46:13.680747,1874.4,107.3,139.1,15.3,1
2026-03-15 10:47:13.680747,2120.5,107.6,139.7,11.8,1
2026-03-15 10:48:13.680747,1738.2,106.2,134.9,10.2,1
2026-03-15 10:49:13.680747,2118.3,108.8,147.2,10.0,1
2026-03-15 10:50:13.680747,1857.2,108.0,142.6,11.4,1
2026-03-15 10:51:13.680747,1860.4,114.5,141.9,17.0,1
